<?xml version="1.0" encoding="UTF-8"?>
<!DOCTYPE us-patent-grant SYSTEM "us-patent-grant-v44-2013-05-16.dtd" [ ]>
<us-patent-grant lang="EN" dtd-version="v4.4 2013-05-16" file="US08438667-20130514.XML" status="PRODUCTION" id="us-patent-grant" country="US" date-produced="20130524" date-publ="20130514">
<us-bibliographic-data-grant>
<publication-reference>
<document-id>
<country>US</country>
<doc-number>08438667</doc-number>
<kind>B2</kind>
<date>20130514</date>
</document-id>
</publication-reference>
<application-reference appl-type="utility">
<document-id>
<country>US</country>
<doc-number>12566025</doc-number>
<date>20090924</date>
</document-id>
</application-reference>
<us-application-series-code>12</us-application-series-code>
<us-term-of-grant>
<us-term-extension>747</us-term-extension>
</us-term-of-grant>
<classifications-ipcr>
<classification-ipcr>
<ipc-version-indicator><date>20060101</date></ipc-version-indicator>
<classification-level>A</classification-level>
<section>A</section>
<class>41</class>
<subclass>D</subclass>
<main-group>1</main-group>
<subgroup>06</subgroup>
<symbol-position>F</symbol-position>
<classification-value>I</classification-value>
<action-date><date>20130514</date></action-date>
<generating-office><country>US</country></generating-office>
<classification-status>B</classification-status>
<classification-data-source>H</classification-data-source>
</classification-ipcr>
</classifications-ipcr>
<classification-national>
<country>US</country>
<main-classification>  2228</main-classification>
</classification-national>
<invention-title id="d2e53">Apparel incorporating a protective element</invention-title>
<us-references-cited>
<us-citation>
<patcit num="00001">
<document-id>
<country>US</country>
<doc-number>2016664</doc-number>
<kind>A</kind>
<name>Brewster</name>
<date>19351000</date>
</document-id>
</patcit>
<category>cited by examiner</category>
<classification-national><country>US</country><main-classification>  2112</main-classification></classification-national>
</us-citation>
<us-citation>
<patcit num="00002">
<document-id>
<country>US</country>
<doc-number>2939462</doc-number>
<kind>A</kind>
<name>McClung</name>
<date>19600600</date>
</document-id>
</patcit>
<category>cited by applicant</category>
</us-citation>
<us-citation>
<patcit num="00003">
<document-id>
<country>US</country>
<doc-number>3106717</doc-number>
<kind>A</kind>
<name>Cuvin</name>
<date>19631000</date>
</document-id>
</patcit>
<category>cited by examiner</category>
<classification-national><country>US</country><main-classification>  2 70</main-classification></classification-national>
</us-citation>
<us-citation>
<patcit num="00004">
<document-id>
<country>US</country>
<doc-number>3119904</doc-number>
<kind>A</kind>
<name>Anson</name>
<date>19640100</date>
</document-id>
</patcit>
<category>cited by applicant</category>
</us-citation>
<us-citation>
<patcit num="00005">
<document-id>
<country>US</country>
<doc-number>3916900</doc-number>
<kind>A</kind>
<name>Breyer et al.</name>
<date>19751100</date>
</document-id>
</patcit>
<category>cited by examiner</category>
<classification-national><country>US</country><main-classification>604365</main-classification></classification-national>
</us-citation>
<us-citation>
<patcit num="00006">
<document-id>
<country>US</country>
<doc-number>4455686</doc-number>
<kind>A</kind>
<name>Zide</name>
<date>19840600</date>
</document-id>
</patcit>
<category>cited by applicant</category>
</us-citation>
<us-citation>
<patcit num="00007">
<document-id>
<country>US</country>
<doc-number>4549317</doc-number>
<kind>A</kind>
<name>D'Ambrosio</name>
<date>19851000</date>
</document-id>
</patcit>
<category>cited by examiner</category>
<classification-national><country>US</country><main-classification>  2237</main-classification></classification-national>
</us-citation>
<us-citation>
<patcit num="00008">
<document-id>
<country>US</country>
<doc-number>4982447</doc-number>
<kind>A</kind>
<name>Henson</name>
<date>19910100</date>
</document-id>
</patcit>
<category>cited by applicant</category>
</us-citation>
<us-citation>
<patcit num="00009">
<document-id>
<country>US</country>
<doc-number>5423087</doc-number>
<kind>A</kind>
<name>Krent</name>
<date>19950600</date>
</document-id>
</patcit>
<category>cited by applicant</category>
</us-citation>
<us-citation>
<patcit num="00010">
<document-id>
<country>US</country>
<doc-number>5689836</doc-number>
<kind>A</kind>
<name>Fee</name>
<date>19971100</date>
</document-id>
</patcit>
<category>cited by applicant</category>
</us-citation>
<us-citation>
<patcit num="00011">
<document-id>
<country>US</country>
<doc-number>5940888</doc-number>
<kind>A</kind>
<name>Sher</name>
<date>19990800</date>
</document-id>
</patcit>
<category>cited by applicant</category>
</us-citation>
<us-citation>
<patcit num="00012">
<document-id>
<country>US</country>
<doc-number>6654960</doc-number>
<kind>B2</kind>
<name>Cho</name>
<date>20031200</date>
</document-id>
</patcit>
<category>cited by applicant</category>
</us-citation>
<us-citation>
<patcit num="00013">
<document-id>
<country>US</country>
<doc-number>6743325</doc-number>
<kind>B1</kind>
<name>Taylor</name>
<date>20040600</date>
</document-id>
</patcit>
<category>cited by applicant</category>
</us-citation>
<us-citation>
<patcit num="00014">
<document-id>
<country>US</country>
<doc-number>7114189</doc-number>
<kind>B1</kind>
<name>Kleinert</name>
<date>20061000</date>
</document-id>
</patcit>
<category>cited by applicant</category>
</us-citation>
<us-citation>
<patcit num="00015">
<document-id>
<country>US</country>
<doc-number>7216370</doc-number>
<kind>B1</kind>
<name>Warner et al.</name>
<date>20070500</date>
</document-id>
</patcit>
<category>cited by examiner</category>
<classification-national><country>US</country><main-classification>  2 23</main-classification></classification-national>
</us-citation>
<us-citation>
<patcit num="00016">
<document-id>
<country>US</country>
<doc-number>7234171</doc-number>
<kind>B2</kind>
<name>Rowe et al.</name>
<date>20070600</date>
</document-id>
</patcit>
<category>cited by examiner</category>
<classification-national><country>US</country><main-classification>  2114</main-classification></classification-national>
</us-citation>
<us-citation>
<patcit num="00017">
<document-id>
<country>US</country>
<doc-number>7993322</doc-number>
<kind>B2</kind>
<name>Brud et al.</name>
<date>20110800</date>
</document-id>
</patcit>
<category>cited by examiner</category>
<classification-national><country>US</country><main-classification>604396</main-classification></classification-national>
</us-citation>
<us-citation>
<patcit num="00018">
<document-id>
<country>US</country>
<doc-number>2007/0000005</doc-number>
<kind>A1</kind>
<name>Wang</name>
<date>20070100</date>
</document-id>
</patcit>
<category>cited by applicant</category>
</us-citation>
<us-citation>
<patcit num="00019">
<document-id>
<country>US</country>
<doc-number>2007/0101474</doc-number>
<kind>A1</kind>
<name>Skottheim et al.</name>
<date>20070500</date>
</document-id>
</patcit>
<category>cited by applicant</category>
</us-citation>
<us-citation>
<patcit num="00020">
<document-id>
<country>US</country>
<doc-number>2008/0264557</doc-number>
<kind>A1</kind>
<name>Kim</name>
<date>20081000</date>
</document-id>
</patcit>
<category>cited by applicant</category>
</us-citation>
<us-citation>
<patcit num="00021">
<document-id>
<country>US</country>
<doc-number>2008/0290556</doc-number>
<kind>A1</kind>
<name>Kim</name>
<date>20081100</date>
</document-id>
</patcit>
<category>cited by applicant</category>
</us-citation>
<us-citation>
<patcit num="00022">
<document-id>
<country>US</country>
<doc-number>2009/0070911</doc-number>
<kind>A1</kind>
<name>Chang</name>
<date>20090300</date>
</document-id>
</patcit>
<category>cited by applicant</category>
</us-citation>
<us-citation>
<patcit num="00023">
<document-id>
<country>US</country>
<doc-number>2010/0129573</doc-number>
<kind>A1</kind>
<name>Kim</name>
<date>20100500</date>
</document-id>
</patcit>
<category>cited by applicant</category>
</us-citation>
<us-citation>
<patcit num="00024">
<document-id>
<country>US</country>
<doc-number>2010/0193117</doc-number>
<kind>A1</kind>
<name>Kim</name>
<date>20100800</date>
</document-id>
</patcit>
<category>cited by applicant</category>
</us-citation>
<us-citation>
<patcit num="00025">
<document-id>
<country>US</country>
<doc-number>2010/0205716</doc-number>
<kind>A1</kind>
<name>Kim</name>
<date>20100800</date>
</document-id>
</patcit>
<category>cited by applicant</category>
</us-citation>
<us-citation>
<patcit num="00026">
<document-id>
<country>US</country>
<doc-number>2010/0205722</doc-number>
<kind>A1</kind>
<name>Kim</name>
<date>20100800</date>
</document-id>
</patcit>
<category>cited by applicant</category>
</us-citation>
<us-citation>
<patcit num="00027">
<document-id>
<country>US</country>
<doc-number>2010/0206472</doc-number>
<kind>A1</kind>
<name>Kim</name>
<date>20100800</date>
</document-id>
</patcit>
<category>cited by applicant</category>
</us-citation>
<us-citation>
<patcit num="00028">
<document-id>
<country>CA</country>
<doc-number>2517311</doc-number>
<date>20070200</date>
</document-id>
</patcit>
<category>cited by applicant</category>
</us-citation>
<us-citation>
<patcit num="00029">
<document-id>
<country>GB</country>
<doc-number>2457478</doc-number>
<date>20090800</date>
</document-id>
</patcit>
<category>cited by applicant</category>
</us-citation>
<us-citation>
<nplcit num="00030">
<othercit>International Search Report and Written Opinion, mailed Mar. 15, 2011 for PCT Application No. PCT/US2010/049589.</othercit>
</nplcit>
<category>cited by applicant</category>
</us-citation>
</us-references-cited>
<number-of-claims>28</number-of-claims>
<us-exemplary-claim>8</us-exemplary-claim>
<us-field-of-classification-search>
<classification-national>
<country>US</country>
<main-classification>  2 23</main-classification>
</classification-national>
<classification-national>
<country>US</country>
<main-classification>  2114</main-classification>
</classification-national>
<classification-national>
<country>US</country>
<main-classification>  2 94</main-classification>
</classification-national>
<classification-national>
<country>US</country>
<main-classification>  2102</main-classification>
</classification-national>
<classification-national>
<country>US</country>
<main-classification>  2228</main-classification>
</classification-national>
<classification-national>
<country>US</country>
<main-classification>  2238</main-classification>
</classification-national>
<classification-national>
<country>US</country>
<main-classification>  2 79</main-classification>
</classification-national>
<classification-national>
<country>US</country>
<main-classification>  2227</main-classification>
</classification-national>
<classification-national>
<country>US</country>
<main-classification>  2105</main-classification>
</classification-national>
<classification-national>
<country>US</country>
<main-classification>  2267</main-classification>
</classification-national>
<classification-national>
<country>US</country>
<main-classification>  2181</main-classification>
</classification-national>
<classification-national>
<country>US</country>
<main-classification>  2310</main-classification>
</classification-national>
<classification-cpc-combination-text>B60C 5/00-24</classification-cpc-combination-text>
</us-field-of-classification-search>
<figures>
<number-of-drawing-sheets>17</number-of-drawing-sheets>
<number-of-figures>22</number-of-figures>
</figures>
<us-related-documents>
<related-publication>
<document-id>
<country>US</country>
<doc-number>20110067160</doc-number>
<kind>A1</kind>
<date>20110324</date>
</document-id>
</related-publication>
</us-related-documents>
<us-parties>
<us-applicants>
<us-applicant sequence="001" app-type="applicant" designation="us-only">
<addressbook>
<last-name>Grogro</last-name>
<first-name>Daniela</first-name>
<address>
<city>Portland</city>
<state>OR</state>
<country>US</country>
</address>
</addressbook>
<residence>
<country>US</country>
</residence>
</us-applicant>
<us-applicant sequence="002" app-type="applicant" designation="us-only">
<addressbook>
<last-name>Turner</last-name>
<first-name>David</first-name>
<address>
<city>Portland</city>
<state>OR</state>
<country>US</country>
</address>
</addressbook>
<residence>
<country>US</country>
</residence>
</us-applicant>
</us-applicants>
<inventors>
<inventor sequence="001" designation="us-only">
<addressbook>
<last-name>Grogro</last-name>
<first-name>Daniela</first-name>
<address>
<city>Portland</city>
<state>OR</state>
<country>US</country>
</address>
</addressbook>
</inventor>
<inventor sequence="002" designation="us-only">
<addressbook>
<last-name>Turner</last-name>
<first-name>David</first-name>
<address>
<city>Portland</city>
<state>OR</state>
<country>US</country>
</address>
</addressbook>
</inventor>
</inventors>
<agents>
<agent sequence="01" rep-type="attorney">
<addressbook>
<orgname>Plumsea Law Group, LLC</orgname>
<address>
<country>unknown</country>
</address>
</addressbook>
</agent>
</agents>
</us-parties>
<assignees>
<assignee>
<addressbook>
<orgname>NIKE, Inc.</orgname>
<role>02</role>
<address>
<city>Beaverton</city>
<state>OR</state>
<country>US</country>
</address>
</addressbook>
</assignee>
</assignees>
<examiners>
<primary-examiner>
<last-name>Patel</last-name>
<first-name>Tejash</first-name>
<department>3765</department>
</primary-examiner>
</examiners>
</us-bibliographic-data-grant>
<abstract id="abstract">
<p id="p-0001" num="0000">An article of apparel may include may include a garment portion and at least one protective element. The garment portion and the protective element have a configuration that forms a gap, separation, or pleat structure through, for example, folding or overlapping of a textile element of the garment portion. The gap, separation, or pleat structure may permit the protective element to move independent of other portions of the apparel at the joint, thereby enhancing a range of movement of the individual and the overall comfort of the apparel.</p>
</abstract>
<drawings id="DRAWINGS">
<figure id="Fig-EMI-D00000" num="00000">
<img id="EMI-D00000" he="52.07mm" wi="186.61mm" file="US08438667-20130514-D00000.TIF" alt="embedded image" img-content="drawing" img-format="tif"/>
</figure>
<figure id="Fig-EMI-D00001" num="00001">
<img id="EMI-D00001" he="235.71mm" wi="119.21mm" file="US08438667-20130514-D00001.TIF" alt="embedded image" img-content="drawing" img-format="tif"/>
</figure>
<figure id="Fig-EMI-D00002" num="00002">
<img id="EMI-D00002" he="156.72mm" wi="147.83mm" file="US08438667-20130514-D00002.TIF" alt="embedded image" img-content="drawing" img-format="tif"/>
</figure>
<figure id="Fig-EMI-D00003" num="00003">
<img id="EMI-D00003" he="160.78mm" wi="105.58mm" file="US08438667-20130514-D00003.TIF" alt="embedded image" img-content="drawing" img-format="tif"/>
</figure>
<figure id="Fig-EMI-D00004" num="00004">
<img id="EMI-D00004" he="160.78mm" wi="116.50mm" file="US08438667-20130514-D00004.TIF" alt="embedded image" img-content="drawing" img-format="tif"/>
</figure>
<figure id="Fig-EMI-D00005" num="00005">
<img id="EMI-D00005" he="151.21mm" wi="144.44mm" file="US08438667-20130514-D00005.TIF" alt="embedded image" img-content="drawing" img-format="tif"/>
</figure>
<figure id="Fig-EMI-D00006" num="00006">
<img id="EMI-D00006" he="230.29mm" wi="155.28mm" orientation="landscape" file="US08438667-20130514-D00006.TIF" alt="embedded image" img-content="drawing" img-format="tif"/>
</figure>
<figure id="Fig-EMI-D00007" num="00007">
<img id="EMI-D00007" he="248.67mm" wi="172.38mm" file="US08438667-20130514-D00007.TIF" alt="embedded image" img-content="drawing" img-format="tif"/>
</figure>
<figure id="Fig-EMI-D00008" num="00008">
<img id="EMI-D00008" he="215.22mm" wi="194.14mm" file="US08438667-20130514-D00008.TIF" alt="embedded image" img-content="drawing" img-format="tif"/>
</figure>
<figure id="Fig-EMI-D00009" num="00009">
<img id="EMI-D00009" he="231.65mm" wi="172.38mm" orientation="landscape" file="US08438667-20130514-D00009.TIF" alt="embedded image" img-content="drawing" img-format="tif"/>
</figure>
<figure id="Fig-EMI-D00010" num="00010">
<img id="EMI-D00010" he="224.11mm" wi="132.16mm" orientation="landscape" file="US08438667-20130514-D00010.TIF" alt="embedded image" img-content="drawing" img-format="tif"/>
</figure>
<figure id="Fig-EMI-D00011" num="00011">
<img id="EMI-D00011" he="220.73mm" wi="182.54mm" file="US08438667-20130514-D00011.TIF" alt="embedded image" img-content="drawing" img-format="tif"/>
</figure>
<figure id="Fig-EMI-D00012" num="00012">
<img id="EMI-D00012" he="214.55mm" wi="174.41mm" file="US08438667-20130514-D00012.TIF" alt="embedded image" img-content="drawing" img-format="tif"/>
</figure>
<figure id="Fig-EMI-D00013" num="00013">
<img id="EMI-D00013" he="219.37mm" wi="181.19mm" file="US08438667-20130514-D00013.TIF" alt="embedded image" img-content="drawing" img-format="tif"/>
</figure>
<figure id="Fig-EMI-D00014" num="00014">
<img id="EMI-D00014" he="187.37mm" wi="192.11mm" file="US08438667-20130514-D00014.TIF" alt="embedded image" img-content="drawing" img-format="tif"/>
</figure>
<figure id="Fig-EMI-D00015" num="00015">
<img id="EMI-D00015" he="211.84mm" wi="179.15mm" file="US08438667-20130514-D00015.TIF" alt="embedded image" img-content="drawing" img-format="tif"/>
</figure>
<figure id="Fig-EMI-D00016" num="00016">
<img id="EMI-D00016" he="221.40mm" wi="183.90mm" file="US08438667-20130514-D00016.TIF" alt="embedded image" img-content="drawing" img-format="tif"/>
</figure>
<figure id="Fig-EMI-D00017" num="00017">
<img id="EMI-D00017" he="230.97mm" wi="157.40mm" orientation="landscape" file="US08438667-20130514-D00017.TIF" alt="embedded image" img-content="drawing" img-format="tif"/>
</figure>
</drawings>
<description id="description">
<?BRFSUM description="Brief Summary" end="lead"?>
<heading id="h-0001" level="1">BACKGROUND</heading>
<p id="p-0002" num="0001">Protective elements or materials that impart padding, cushioning, or otherwise attenuate impact forces are commonly incorporated into a variety of products. Athletic apparel, for example, often incorporates protective elements that shield the wearer from contact with other athletes, equipment, or the ground. More specifically, pads used in American football and hockey incorporate protective elements that provide impact protection to various parts of a wearer. Helmets utilized during American football, hockey, bicycling, skiing, snowboarding, and skateboarding incorporate protective elements that impart cushioning to the head during falls or crashes. Similarly, gloves utilized in soccer (e.g., by goalies) and hockey incorporate protective elements that provide protection to the hands of a wearer.</p>
<heading id="h-0002" level="1">SUMMARY</heading>
<p id="p-0003" num="0002">An article of apparel is disclosed below that includes a garment portion and at least one protective element. The garment portion and the protective element have a configuration that forms a gap, separation, or pleat structure. As an example, the gap, separation, or pleat structure may permit the protective element to move independent of other portions of the apparel at the joint, thereby enhancing a range of movement of the individual and the overall comfort of the apparel.</p>
<p id="p-0004" num="0003">In one configuration, the garment portion is formed from a plurality of joined textile elements and has a first fold and a second fold that form a pleat structure, the first fold being located outward from the second fold. The protective element is at least partially located within the first fold and absent from an area within the second fold.</p>
<p id="p-0005" num="0004">In another configuration, the garment portion is formed from at least a first textile element and a second textile element. The first textile element forms a first fold and a second fold that form a pleat structure, with the first fold being located outward from the second fold. The protective element is located within the first fold and has a first surface and an opposite second surface. The first surface is located outward from the second surface. Additionally, the first textile element is joined to the first surface and the second surface, and the second textile element is joined to the second surface.</p>
<p id="p-0006" num="0005">In yet another configuration, the apparel includes a band for extending around a portion of a wearer, at least one textile element, and a protective element. The band is formed from a stretchable material and the textile element is joined to the band, with a portion of the textile element extending away from the band. The protective element is formed from a compressible material. A gap extends between the protective element and the portion of the textile element extending away from the band.</p>
<p id="p-0007" num="0006">The advantages and features of novelty characterizing aspects of the invention are pointed out with particularity in the appended claims. To gain an improved understanding of the advantages and features of novelty, however, reference may be made to the following descriptive matter and accompanying figures that describe and illustrate various configurations and concepts related to the invention.</p>
<?BRFSUM description="Brief Summary" end="tail"?>
<?brief-description-of-drawings description="Brief Description of Drawings" end="lead"?>
<description-of-drawings>
<heading id="h-0003" level="1">FIGURE DESCRIPTIONS</heading>
<p id="p-0008" num="0007">The foregoing Summary and the following Detailed Description will be better understood when read in conjunction with the accompanying figures.</p>
<p id="p-0009" num="0008"><figref idref="DRAWINGS">FIG. 1</figref> is a front elevational view of an individual wearing an article of apparel.</p>
<p id="p-0010" num="0009"><figref idref="DRAWINGS">FIG. 2</figref> is a front elevational view of the article of apparel.</p>
<p id="p-0011" num="0010"><figref idref="DRAWINGS">FIGS. 3 and 4</figref> are side elevational views of the article of apparel.</p>
<p id="p-0012" num="0011"><figref idref="DRAWINGS">FIG. 5</figref> is a rear elevational view of the article of apparel.</p>
<p id="p-0013" num="0012"><figref idref="DRAWINGS">FIG. 6</figref> is a perspective view of a portion of the article of apparel that includes a protective element.</p>
<p id="p-0014" num="0013"><figref idref="DRAWINGS">FIG. 7</figref> is an exploded perspective view of the portion of the article of apparel.</p>
<p id="p-0015" num="0014"><figref idref="DRAWINGS">FIG. 8</figref> is a top plan view of the portion of the article of apparel.</p>
<p id="p-0016" num="0015"><figref idref="DRAWINGS">FIGS. 9A-9C</figref> are cross-sectional views of the portion of the article of apparel, as defined by section lines <b>9</b>A-<b>9</b>C in <figref idref="DRAWINGS">FIG. 8</figref>.</p>
<p id="p-0017" num="0016"><figref idref="DRAWINGS">FIGS. 10A and 10B</figref> are cross-sectional views corresponding with <figref idref="DRAWINGS">FIG. 9A</figref>.</p>
<p id="p-0018" num="0017"><figref idref="DRAWINGS">FIG. 11A-11F</figref> are top plan views corresponding with <figref idref="DRAWINGS">FIG. 8</figref> and depicting further configurations of the article of apparel.</p>
<p id="p-0019" num="0018"><figref idref="DRAWINGS">FIGS. 12A-12C</figref> are cross-sectional views corresponding with <figref idref="DRAWINGS">FIG. 9A</figref> and depicting further configurations of the article of apparel.</p>
</description-of-drawings>
<?brief-description-of-drawings description="Brief Description of Drawings" end="tail"?>
<?DETDESC description="Detailed Description" end="lead"?>
<heading id="h-0004" level="1">DETAILED DESCRIPTION</heading>
<p id="p-0020" num="0019">The following discussion and accompanying figures disclose various articles of apparel that incorporate protective elements. As discussed in greater detail below, the protective elements (e.g., foam pads, a plurality of foam elements) may bunch or otherwise compress to restrict movement of an individual wearing the apparel, particularly in the area of a joint (e.g., hip, knee, shoulder, elbow). A gap, separation, or pleat structure, for example, permits the protective element to move independent of other portions of the apparel at the joint, thereby enhancing a range of movement of the individual and the overall comfort of the apparel.</p>
<p id="p-0021" num="0020">Apparel Configuration</p>
<p id="p-0022" num="0021">With reference to <figref idref="DRAWINGS">FIG. 1</figref>, an individual <b>10</b> is depicted as wearing an article of apparel <b>100</b> with the general configuration of a pants-type garment, specifically a pair of shorts. In further configurations, concepts associated with apparel <b>100</b> may be incorporated into apparel having the configuration of a pair of pants, a shirt-type garment (e.g., long-sleeved shirt, short-sleeved shirt, jacket, coat, undershirt), headwear (e.g., hat, headband), a brace or covering (e.g., for a shoulder, elbow, knee, or ankle), or glove, for example. Although apparel <b>100</b> may be worn under other articles of apparel, apparel <b>100</b> may be worn alone, may be exposed, or may be worn over other articles of apparel. Apparel <b>100</b> may also be worn in combination with other pieces of equipment (e.g., athletic or protective equipment). Accordingly, the configuration of apparel <b>100</b> and the manner in which apparel <b>100</b> is worn by individual <b>10</b> may vary significantly.</p>
<p id="p-0023" num="0022">Apparel <b>100</b> is depicted individually in <figref idref="DRAWINGS">FIGS. 2-5</figref> as including a pelvic region <b>101</b> and a pair of leg regions <b>102</b> that extend outward from pelvic region <b>101</b>. Pelvic region <b>101</b> corresponds with a pelvic area of individual <b>10</b> and covers at least a portion of the pelvic area when worn. An upper area of pelvic region <b>101</b> defines a waist opening <b>103</b> that extends around a waist of individual <b>10</b> when apparel <b>100</b> is worn. Leg regions <b>102</b> correspond with a right leg and a left leg of individual <b>10</b> and cover at least a portion of the right leg and the left leg when worn. Lower areas of leg regions <b>102</b> each define a thigh opening <b>104</b> that extends around a thigh of individual <b>10</b> when apparel <b>100</b> is worn. Additionally, apparel <b>100</b> includes an exterior surface <b>105</b> that faces away from individual <b>10</b> when apparel <b>100</b> is worn, and apparel <b>100</b> includes an opposite interior surface <b>106</b> that faces toward individual <b>10</b> and may contact individual <b>10</b> when apparel <b>100</b> is worn.</p>
<p id="p-0024" num="0023">Each of pelvic region <b>101</b> and leg regions <b>102</b> include a variety of textile elements (e.g., a base element <b>110</b>, a cover element <b>120</b>, a waistband <b>130</b>, as discussed below) that effectively form a garment portion of apparel <b>100</b>. That is, the textile elements are joined (e.g., at seams through stitching, adhesive bonding, or thermal bonding) to impart the configuration of the shorts-type garment to apparel <b>100</b>. The textile elements also form areas for receiving various protective elements <b>200</b>, which are incorporated into various areas of apparel <b>100</b> to impart padding, cushioning, or otherwise attenuate impact forces. When apparel <b>100</b> is worn during athletic activities, for example, protective elements <b>200</b> may protect individual <b>10</b> from contact with other athletes, equipment, or the ground. With regard to apparel <b>100</b>, protective elements <b>200</b> are located in both of pelvic region <b>101</b> and leg regions <b>102</b> and are positioned, more specifically, to protect the hips, thighs, and tailbone of individual <b>10</b>.</p>
<p id="p-0025" num="0024">Protective Element Configuration</p>
<p id="p-0026" num="0025">A portion of apparel <b>100</b> that includes one of protective elements <b>200</b> is depicted in <figref idref="DRAWINGS">FIGS. 6-9C</figref>. In general, protective element <b>200</b> includes a plurality of pad components <b>210</b> and two frame components <b>220</b> that are located between base element <b>110</b> and cover element <b>120</b>. Although pad components <b>210</b> are secured to base element <b>110</b> and cover element <b>120</b>, frame component <b>220</b> is unsecured to each of base element <b>110</b>, cover element <b>120</b>, and pad components <b>210</b>. Base element <b>110</b> forms a majority of interior surface <b>106</b> and is located to contact individual <b>10</b> when apparel <b>100</b> is worn, with waistband <b>130</b> forming a smaller portion of interior surface <b>106</b>. Cover element <b>120</b> extends over pad components <b>210</b> and is joined to base element <b>110</b> around the periphery of pad components <b>210</b>. A combination of base element <b>110</b>, cover element <b>120</b>, and waistband <b>130</b> forms, therefore, a majority of exterior surface <b>105</b>.</p>
<p id="p-0027" num="0026">Base element <b>110</b> and cover element <b>120</b> cooperatively form an outer surface or covering for protective element <b>200</b>. That is, base element <b>110</b> and cover element <b>120</b> cooperatively form a pocket or void, in which pad components <b>210</b> and frame component <b>220</b> are located. Whereas base element <b>110</b> is depicted as having a generally planar configuration, cover element <b>120</b> extends over pad components <b>210</b> and frame components <b>220</b> and also along sides of pad components <b>210</b> to join with base element <b>110</b> (e.g., through stitching, an adhesive, or thermal bonding). Although protective element <b>200</b> may be incorporated into apparel <b>100</b> in a variety of ways, cover element <b>120</b> may be positioned exterior of base element <b>110</b>. An advantage to this configuration is that protective element <b>200</b> protrudes outward from apparel <b>100</b>, rather than protruding inward and toward individual <b>10</b>. In some configurations of apparel <b>100</b>, however, protective element <b>200</b> may protrude inward.</p>
<p id="p-0028" num="0027">Textile elements may be utilized for base element <b>110</b> and cover element <b>120</b> in many configurations of apparel <b>100</b>. As examples, base element <b>110</b> and cover element <b>120</b> may be formed from knitted, woven, or non-woven textile elements that include rayon, nylon, polyester, polyacrylic, cotton, wool, or silk. Moreover, the textiles may be non-stretch, may exhibit one-directional stretch, or may exhibit multi-directional stretch, and the textiles may have a continuous configuration or may be mesh materials that define apertures. A variety of other materials may also be utilized for base element <b>110</b> and cover element <b>120</b>, including various polymer sheets, leather, and synthetic leather, for example. Combinations of these materials (e.g., a polymer sheet bonded to a textile) may also be utilized for base element <b>110</b> and cover element <b>120</b>. Although base element <b>110</b> and cover element <b>120</b> may be formed from the same material, each of base element <b>110</b> and cover element <b>120</b> may also be formed from different materials. Accordingly, a variety of materials are suitable for base element <b>110</b> and cover element <b>120</b>.</p>
<p id="p-0029" num="0028">Each of pad components <b>210</b> includes a first surface <b>211</b>, an opposite second surface <b>212</b>, and a side surface <b>213</b> that extends between surfaces <b>211</b> and <b>212</b>. As discussed in greater detail below, protective element <b>200</b> includes an attached region <b>201</b> and a separated region <b>202</b>, as identified in each of <figref idref="DRAWINGS">FIGS. 6</figref>, <b>8</b>, and <b>9</b>A. In attached region <b>201</b>, pad components <b>210</b> are located between and secured to each of base element <b>110</b> and cover element <b>120</b>. That is, first surface <b>211</b> is secured to cover element <b>120</b> and second surface <b>212</b> is secured to base element <b>110</b>. In separated region <b>202</b>, however, pad components <b>210</b> are located between a folded or overlapping portion of cover element <b>120</b> and secured to only cover element <b>120</b>. That is, first surface <b>211</b> and second surface <b>212</b> are both secured to cover element <b>120</b>. As discussed in greater detail below, the folded or overlapping portion of cover element <b>120</b> in separated region <b>202</b> forms a gap, separation, or pleat structure that permits protective element <b>200</b> to move independent of other portions of apparel <b>100</b> at the hip joint, thereby enhancing a range of movement of individual <b>10</b> and the overall comfort of apparel <b>100</b>.</p>
<p id="p-0030" num="0029">Although the shapes of pad components <b>210</b> may vary significantly, each of surfaces <b>211</b> and <b>212</b> are depicted as having an elliptical or generally elongate shape with rounded end areas, and side surface <b>213</b> extends in a generally straight fashion between surfaces <b>211</b> and <b>212</b>. Pad components <b>210</b> are spaced evenly from each other and arranged in offset rows. Given the shape of protective element <b>200</b>, various pad components <b>210</b> adjacent to the periphery of protective element <b>200</b> exhibit a truncated or partial configuration. Although pad components <b>210</b> exhibit a common or equal thickness, various pad components <b>210</b> may have different thicknesses. For example, the pad components <b>210</b> located at the periphery may have lesser thickness than pad components <b>210</b> located in central areas. In general, the thickness of pad components <b>210</b> may range from 3 to 30 millimeters or more. As a related matter, pad components <b>210</b> are depicted as being a plurality of separate elements for purposes of example, but may be interconnected, may be a single element, or may have a variety of other conventional or non-conventional configurations.</p>
<p id="p-0031" num="0030">A variety of materials may be utilized for pad components <b>210</b>, including various polymer foam materials that return to an original shape after being compressed. Examples of suitable polymer foam materials for pad components <b>210</b> include polyurethane, ethylvinylacetate, polyester, polypropylene, and polyethylene foams. Moreover, both thermoplastic and thermoset polymer foam materials may be utilized. In some configurations of protective element <b>200</b>, pad components <b>210</b> may be formed from a polymer foam material with a varying density, or solid polymer or rubber materials may be utilized. Also, different pad components <b>210</b> may be formed from different materials, or may be formed from similar materials with different densities. The polymer foam materials forming pad components <b>210</b> attenuate impact forces to provide cushioning or protection. By selecting thicknesses, materials, and densities for each of the various pad components <b>210</b>, the degree of impact force attenuation may be varied throughout protective element <b>200</b> to impart a desired degree of cushioning or protection.</p>
<p id="p-0032" num="0031">Within protective element <b>200</b>, frame components <b>220</b> are located between each of base element <b>110</b> and cover element <b>120</b>. In contrast with pad components <b>210</b>, frame components <b>220</b> are unsecured to each of base element <b>110</b> and cover element <b>120</b>, and frame components <b>220</b> are also unsecured to pad components <b>210</b>. This configuration permits frame components <b>220</b> to float or otherwise move relative to base element <b>110</b>, cover element <b>120</b>, and pad components <b>210</b>. Frame components <b>220</b> each have a first surface <b>221</b>, an opposite second surface <b>222</b>, and a side surface <b>223</b> extending between surfaces <b>221</b> and <b>222</b>. Additionally, frame components <b>220</b> define a plurality of apertures <b>224</b> having the general shape of pad components <b>210</b>. Given this configuration, frame components <b>220</b> extend around and between various pad components <b>210</b>. In areas where frame components <b>220</b> are present, the combination of pad components <b>210</b> and frame components <b>220</b> effectively form a foam layer within protective element <b>200</b>. Although the dimensions of apertures <b>224</b> may substantially match the dimensions of pad components <b>210</b>, frame components <b>220</b> may also be formed such that a gap extends between edges of apertures <b>224</b> and side surfaces <b>213</b> of pad components <b>230</b>. In some configurations, frame components <b>220</b> may be absent from protective element <b>200</b>.</p>
<p id="p-0033" num="0032">Frame components <b>220</b> are located in two areas (e.g., an upper area and a lower area) of protective element <b>200</b>. As an alternative, one or both frame components <b>220</b> may extend (a) throughout protective element <b>200</b> and define apertures <b>224</b> that extend around all of pad components <b>210</b>, (b) around only centrally-located pad components <b>210</b>, or (c) around only peripherally-located pad components <b>210</b>. Referring to the cross-sectional views of <figref idref="DRAWINGS">FIGS. 9A-9C</figref>, for example, frame components <b>220</b> are depicted as exhibiting lesser thickness (i.e., distance between surfaces <b>221</b> and <b>222</b>) than each of pad components <b>210</b>. An advantage of this configuration is that frame components <b>220</b> may move relative to base element <b>110</b> and cover element <b>120</b>, thereby enhancing the flexibility of protective element <b>200</b>. As an example, frame components <b>220</b> may have a thickness of approximately 2 millimeters in a configuration wherein pad components <b>210</b> have a thickness of 7 millimeters. In other configurations, the thickness of frame components <b>220</b> may range from 1 to 20 millimeters or more. Although frame components <b>220</b> may exhibit lesser thickness than each of pad components <b>210</b>, frame components <b>220</b> may also be thicker than some or all of pad components <b>210</b>.</p>
<p id="p-0034" num="0033">Any of the variety of materials discussed above as being suitable for pad components <b>210</b> may also be utilized for frame components <b>220</b>, including various polymer foam materials that return to an original shape after being compressed. Examples of suitable polymer foam materials for frame component <b>220</b> include polyurethane, ethylvinylacetate, polyester, polypropylene, and polyethylene foams. Moreover, both thermoplastic and thermoset polymer foam materials may be utilized. In some configurations of protective element <b>200</b>, frame components <b>220</b> may be formed from solid polymer or rubber materials.</p>
<p id="p-0035" num="0034">The compressible polymer foam materials forming pad components <b>210</b> and frame components <b>220</b> attenuate impact forces that compress or otherwise contact protective element <b>200</b>. When incorporated into apparel <b>100</b> or another article of apparel, for example, the polymer foam materials of pad components <b>210</b> and frame components <b>220</b> may compress to protect a wearer from contact with other athletes, equipment, or the ground. Accordingly, Protective element <b>200</b> may be utilized to provide cushioning or protection to areas of a wearer that are covered by protective element <b>200</b>.</p>
<p id="p-0036" num="0035">In addition to attenuating impact forces, protective element <b>200</b> has an advantage of simultaneously providing one or more of breathability, flexibility, a relatively low overall mass, and launderability. When incorporated into an article of apparel, particularly apparel used for athletic activities, a wearer may perspire and generate excess heat. By utilizing a permeable textile for base element <b>110</b> and cover layer <b>120</b> and also forming gaps between adjacent pad components <b>210</b> and areas between pad components <b>210</b> and frame components <b>220</b>, areas for air to enter the apparel and for moisture to exit the apparel are formed through protective element <b>200</b>. More particularly, air and moisture may pass through base element <b>110</b> and cover layer <b>120</b>, between pad components <b>210</b> in areas where frame components <b>220</b> are absent, and between pad components <b>210</b> and frame components <b>220</b> in areas where frame components <b>220</b> are present to impart breathability to areas of the apparel having protective element <b>200</b>. Moreover, the materials and structure discussed above for protective element <b>200</b> impart flexibility and a low overall mass. Furthermore, the materials and structure discussed above permits protective element <b>200</b> to be laundered without significant shrinkage or warping, even when temperatures associated with commercial laundering processes are utilized. Accordingly, protective element <b>200</b> may simultaneously provide impact force attenuation, breathability, flexibility, a relatively low overall mass, and launderability to an article of apparel, such as apparel <b>100</b>.</p>
<p id="p-0037" num="0036">Pleat Structure</p>
<p id="p-0038" num="0037">In separated region <b>202</b>, apparel <b>100</b> has a configuration that permits protective element <b>200</b> to move independent of other portions of apparel <b>100</b> to enhance the range of movement of individual <b>10</b> and the overall comfort of apparel <b>100</b>. Referring to <figref idref="DRAWINGS">FIG. 9A</figref>, cover element <b>120</b> includes a first fold <b>121</b> and a second fold <b>122</b> that effectively form an S-shaped configuration in separated region <b>202</b>. Whereas first fold <b>121</b> wraps around various pad components <b>210</b> (i.e., from first surface <b>211</b> to second surface <b>212</b>), second fold <b>122</b> forms an overlapping area in cover element <b>120</b> and extends along base element <b>110</b> to join with waistband <b>130</b>. Although pad components <b>210</b> are present within first fold <b>121</b>, pad components are absent from an area within second fold <b>122</b>. Cover element <b>120</b> is secured to each first surface <b>211</b> of the various pad components <b>210</b>. Due to first fold <b>121</b>, cover element <b>120</b> is also secured to second surface <b>212</b> in at least separated region <b>202</b>. In attached region <b>201</b>, however, base element <b>110</b> is secured to second surface <b>212</b> of the various pad components <b>210</b>.</p>
<p id="p-0039" num="0038">An upper edge of protective element <b>200</b> is located adjacent to waistband <b>130</b>, which is formed of a stretchable material and extends around individual <b>10</b>. Often, waistband <b>130</b> extends above the hip joint of individual <b>10</b>, which places a portion of protective element <b>200</b> over the hip joint. More particularly, the portion of protective element <b>200</b> in separated region <b>202</b> is located over the hip joint, whereas the portion of protective element <b>200</b> in attached region <b>201</b> protects the hip and areas of the leg around the hip. A portion of cover element <b>120</b> is secured to waistband <b>130</b> and extends away from waistband <b>130</b>. Although areas of cover element <b>120</b> are secured to surfaces <b>211</b> and <b>212</b> of pad components <b>210</b>, the portion secured to waistband <b>130</b> and extending away from waistband <b>120</b> is unsecured to pad components <b>200</b>.</p>
<p id="p-0040" num="0039">The overall configuration discussed above forms pleat structure in apparel <b>100</b> that allows portions of protective element <b>200</b> to move independently. More particularly, the overall configuration of cover element <b>120</b> (i.e., through folds <b>121</b> and <b>122</b> and the configuration of cover element <b>120</b> discussed above) allows protective element <b>200</b> to move or flex in separated region <b>202</b>. As a first example, which is depicted in <figref idref="DRAWINGS">FIG. 10A</figref>, a portion of protective element <b>200</b> may flex to form a gap or separation between protective element <b>200</b> and other areas of apparel <b>100</b>. That is, the pleat structure formed by cover element <b>120</b> allows the portion of protective element <b>200</b> in separated region <b>202</b> to flex, thereby forming the gap or separation. As a second example, which is depicted in <figref idref="DRAWINGS">FIG. 10B</figref>, the portion of protective element <b>200</b> in separated region <b>202</b> may move or slide over waistband <b>130</b> and areas of base element <b>110</b> and cover element <b>120</b>. If, for example, protective element <b>200</b> is pushed by an upward force, then the pleat structure in apparel <b>100</b> would allow protective element <b>200</b> to slide over waistband <b>130</b>, rather than bunching or compressing. Given that protective element <b>200</b> is located at a hip joint of individual <b>10</b>, the flexing to form a gap or separation and the sliding permits protective element <b>200</b> to move independent of other portions of apparel <b>100</b>, thereby enhancing a range of movement of individual <b>10</b> and the overall comfort of apparel <b>100</b>.</p>
<p id="p-0041" num="0040">Further Configurations</p>
<p id="p-0042" num="0041">Aspects of apparel <b>100</b> may vary depending upon the intended use for apparel <b>100</b> and the product in which cushioning element <b>200</b> is incorporated. Moreover, changes to the dimensions, shapes, and materials utilized within protective element <b>200</b> may vary the overall properties of protective element <b>200</b>. That is, by changing the dimensions, shapes, and materials utilized within protective element <b>200</b>, the compressibility, impact force attenuation, breathability, flexibility, and overall mass of protective element <b>200</b> may be tailored to specific purposes or products.</p>
<p id="p-0043" num="0042">Further configurations of the portion of apparel <b>100</b> that includes protective element <b>200</b> are depicted in <figref idref="DRAWINGS">FIGS. 11A-11E</figref>. Referring to <figref idref="DRAWINGS">FIG. 11A</figref>, frame components <b>220</b> are absent from protective element <b>200</b>. Aspects relating to pad components <b>210</b> may also vary. For example, the various pad components <b>210</b> have hexagonal shapes in <figref idref="DRAWINGS">FIG. 11B</figref>, but may also be circular, rectangular, elliptical or any other regular or irregular shape. In another configuration, as depicted in <figref idref="DRAWINGS">FIG. 11C</figref>, pad components <b>210</b> may be replaced by a single element of a foam material. The overall shape of protective element <b>200</b> may also vary significantly. Referring to <figref idref="DRAWINGS">FIG. 11D</figref>, protective element has a rectangular shape, but may also be circular, hexagonal, elliptical or any other regular or irregular shape. The location of protective element <b>200</b> may also vary. As depicted in <figref idref="DRAWINGS">FIGS. 11E and 11F</figref>, protective element <b>200</b> may be spaced from waistband <b>130</b> or may cover a portion of waistband <b>130</b>.</p>
<p id="p-0044" num="0043">The manner in which the pleat structure is formed may also vary in apparel <b>100</b>. Referring to <figref idref="DRAWINGS">FIG. 12A</figref>, for example, cover element <b>120</b> forms first fold <b>121</b>, but an end of cover element <b>120</b> is secured to base element <b>110</b>. In this configuration, therefore, second fold <b>122</b> is absent. As another example, <figref idref="DRAWINGS">FIG. 12B</figref> discloses a configuration wherein cover element <b>120</b> extends downward along side surface <b>223</b>, but is absent from second surface <b>212</b>, and base element <b>110</b> is unsecured to second surface <b>212</b> in separated region <b>202</b>. As a further example, depicts a configuration wherein base element <b>110</b> terminates and is joined to cover element <b>120</b> as second fold <b>122</b>. In each of these configurations, a gap, separation, or pleat structure is formed that permits protective element <b>200</b> to move independent of other portions of apparel <b>100</b>, thereby enhancing a range of movement of individual <b>10</b> and the overall comfort of the apparel <b>100</b>.</p>
<p id="p-0045" num="0044">The invention is disclosed above and in the accompanying figures with reference to a variety of configurations. The purpose served by the disclosure, however, is to provide an example of the various features and concepts related to the invention, not to limit the scope of the invention. One skilled in the relevant art will recognize that numerous variations and modifications may be made to the configurations described above without departing from the scope of the present invention, as defined by the appended claims.</p>
<?DETDESC description="Detailed Description" end="tail"?>
</description>
<us-claim-statement>The invention claimed is:</us-claim-statement>
<claims id="claims">
<claim id="CLM-00001" num="00001">
<claim-text>1. An article of apparel comprising:
<claim-text>a garment portion formed from a plurality of joined textile elements, the garment portion having a first fold and a second fold that form a pleat structure, the first fold being located outward from the second fold and substantially overlapping the second fold; and</claim-text>
<claim-text>at least one protective element at least partially located within the first fold and absent from an area within the second fold.</claim-text>
</claim-text>
</claim>
<claim id="CLM-00002" num="00002">
<claim-text>2. The article of apparel recited in <claim-ref idref="CLM-00001">claim 1</claim-ref>, wherein the first fold and the second fold form an S-shaped region.</claim-text>
</claim>
<claim id="CLM-00003" num="00003">
<claim-text>3. The article of apparel recited in <claim-ref idref="CLM-00001">claim 1</claim-ref>, wherein one of the textile elements forms both the first fold and the second fold.</claim-text>
</claim>
<claim id="CLM-00004" num="00004">
<claim-text>4. The article of apparel recited in <claim-ref idref="CLM-00001">claim 1</claim-ref>, wherein the protective element includes a plurality of pad components formed from a polymer foam material.</claim-text>
</claim>
<claim id="CLM-00005" num="00005">
<claim-text>5. The article of apparel recited in <claim-ref idref="CLM-00001">claim 1</claim-ref>, wherein the article of apparel has a configuration for covering at least a joint area of a wearer, and the first fold and the second fold are located in an area that corresponds with the joint area.</claim-text>
</claim>
<claim id="CLM-00006" num="00006">
<claim-text>6. The article of apparel recited in <claim-ref idref="CLM-00001">claim 1</claim-ref>, wherein the protective element has a first surface and an opposite second surface, a first of the textile elements forms both the first fold and the second fold and is joined to both the first surface and the second surface, and a second of the textile elements is joined to only the second surface.</claim-text>
</claim>
<claim id="CLM-00007" num="00007">
<claim-text>7. The article of apparel recited in <claim-ref idref="CLM-00001">claim 1</claim-ref>, wherein the article of apparel is a shorts-type garment having a waistband, and the first fold and the second fold are located adjacent to the waistband.</claim-text>
</claim>
<claim id="CLM-00008" num="00008">
<claim-text>8. An article of apparel comprising:
<claim-text>a garment portion formed from at least a first textile element and a second textile element, the first textile element forming a first fold and a second fold that form a pleat structure, the first fold being located outward from the second fold and substantially overlapping the second fold; and</claim-text>
<claim-text>at least one protective element located within the first fold, the protective element having a first surface and an opposite second surface, the first surface being located outward from the second surface, the first textile element being joined to the first surface and the second surface, and the second textile element being joined to the second surface.</claim-text>
</claim-text>
</claim>
<claim id="CLM-00009" num="00009">
<claim-text>9. The article of apparel recited in <claim-ref idref="CLM-00008">claim 8</claim-ref>, wherein the first fold and the second fold form an N-shaped configuration in the first textile element.</claim-text>
</claim>
<claim id="CLM-00010" num="00010">
<claim-text>10. The article of apparel recited in <claim-ref idref="CLM-00008">claim 8</claim-ref>, wherein the protective element includes a plurality of pad components formed from a polymer foam material.</claim-text>
</claim>
<claim id="CLM-00011" num="00011">
<claim-text>11. The article of apparel recited in <claim-ref idref="CLM-00008">claim 8</claim-ref>, wherein the article of apparel has a configuration for covering at least a joint area of a wearer, and the first fold and the second fold are located in an area that corresponds with the joint area.</claim-text>
</claim>
<claim id="CLM-00012" num="00012">
<claim-text>12. The article of apparel recited in <claim-ref idref="CLM-00008">claim 8</claim-ref>, wherein the article of apparel is a shorts-typed garment having a waistband, and the first fold and the second fold are located adjacent to the waistband.</claim-text>
</claim>
<claim id="CLM-00013" num="00013">
<claim-text>13. An article of apparel comprising:
<claim-text>a plurality of pad components formed from a polymer foam material, at least a portion of the pad components having a first surface and an opposite second surface;</claim-text>
<claim-text>a first material layer secured to the first surface and forming an exterior surface of the article of apparel, the first material layer wrapping around to the second surface and being secured to a portion of the second surface in a separated region; and</claim-text>
<claim-text>a second material layer secured to another portion of the second surface and forming an interior surface of the article of apparel, wherein the first material layer substantially overlaps the second material layer in the separated region.</claim-text>
</claim-text>
</claim>
<claim id="CLM-00014" num="00014">
<claim-text>14. The article of apparel recited in <claim-ref idref="CLM-00013">claim 13</claim-ref>, wherein the first material layer forms a pleat structure having a first fold and a second fold, wherein the first fold substantially overlaps the second fold.</claim-text>
</claim>
<claim id="CLM-00015" num="00015">
<claim-text>15. The article of apparel recited in <claim-ref idref="CLM-00014">claim 14</claim-ref>, wherein the first fold and the second fold form an S-shaped configuration.</claim-text>
</claim>
<claim id="CLM-00016" num="00016">
<claim-text>16. The article of apparel recited in <claim-ref idref="CLM-00014">claim 14</claim-ref>, wherein the article of apparel has a configuration for covering at least a joint area of a wearer, and the first fold and the second fold are located in an area that corresponds with the joint area.</claim-text>
</claim>
<claim id="CLM-00017" num="00017">
<claim-text>17. The article of apparel recited in <claim-ref idref="CLM-00014">claim 14</claim-ref>, wherein the article of apparel is a shorts-type garment having a waistband, and the first fold and the second fold are located adjacent to the waistband.</claim-text>
</claim>
<claim id="CLM-00018" num="00018">
<claim-text>18. An article of apparel comprising:
<claim-text>a band for extending around a portion of a wearer, the band being formed from a stretchable material;</claim-text>
<claim-text>at least one textile element joined to the band, a portion of the textile element extending away from the band; and</claim-text>
<claim-text>a protective element formed from a compressible material, wherein a gap extends between the protective element and the portion of the textile element extending away from the band, wherein the gap is formed by substantially overlapping folds of the textile element.</claim-text>
</claim-text>
</claim>
<claim id="CLM-00019" num="00019">
<claim-text>19. The article of apparel recited in <claim-ref idref="CLM-00018">claim 18</claim-ref>, wherein the textile element is joined to the protective element.</claim-text>
</claim>
<claim id="CLM-00020" num="00020">
<claim-text>20. The article of apparel recited in <claim-ref idref="CLM-00018">claim 18</claim-ref>, wherein the textile element is joined to a first surface and an opposite second surface of the protective element.</claim-text>
</claim>
<claim id="CLM-00021" num="00021">
<claim-text>21. The article of apparel recited in <claim-ref idref="CLM-00018">claim 18</claim-ref>, wherein the textile element has a first fold and a second fold that form a pleat structure, the first fold being located outward from the second fold, and the protective element is located within the first fold.</claim-text>
</claim>
<claim id="CLM-00022" num="00022">
<claim-text>22. The article of apparel recited in <claim-ref idref="CLM-00018">claim 18</claim-ref>, wherein the protective element includes a plurality of pad components formed from a polymer foam material.</claim-text>
</claim>
<claim id="CLM-00023" num="00023">
<claim-text>23. An article of apparel having a configuration of a shorts-type garment, the apparel comprising:
<claim-text>a waistband for extending around a waist of a wearer, the waistband being formed from a stretch material;</claim-text>
<claim-text>at least one textile element extending away from the waistband; and</claim-text>
<claim-text>a protective element located adjacent to the waistband and formed from a compressible material,</claim-text>
<claim-text>wherein the textile element is folded and joined to opposite surfaces of the protective element, and the textile element defines a separated area between the protective element and the waistband, and wherein folds of the textile element substantially overlap proximate the separated area.</claim-text>
</claim-text>
</claim>
<claim id="CLM-00024" num="00024">
<claim-text>24. The article of apparel recited in <claim-ref idref="CLM-00023">claim 23</claim-ref>, wherein the protective element includes a plurality of pad components formed from a polymer foam material.</claim-text>
</claim>
<claim id="CLM-00025" num="00025">
<claim-text>25. An article of apparel comprising:
<claim-text>a garment portion formed from a plurality of joined textile elements that include a first textile element and a second textile element, at least the first textile element forming a portion of an interior surface of the article of apparel; and</claim-text>
<claim-text>at least one protective element, a first area of the protective element being secured to the first textile element, and a second area of the protective element being unsecured to the first textile element to form a gap between the second area of the protective element and the first textile element; and</claim-text>
<claim-text>wherein a first portion of the second textile element substantially overlaps a second portion of the second textile element proximate the second area of the protective element.</claim-text>
</claim-text>
</claim>
<claim id="CLM-00026" num="00026">
<claim-text>26. The article of apparel recited in <claim-ref idref="CLM-00025">claim 25</claim-ref>, wherein the second textile element is secured to the second area of the protective element.</claim-text>
</claim>
<claim id="CLM-00027" num="00027">
<claim-text>27. The article of apparel recited in <claim-ref idref="CLM-00025">claim 25</claim-ref>, wherein the first textile element is joined to only a first surface of the protective element, and the second textile element is secured to both the first surface and an opposite second surface of the protective element.</claim-text>
</claim>
<claim id="CLM-00028" num="00028">
<claim-text>28. The article of apparel recited in <claim-ref idref="CLM-00025">claim 25</claim-ref>, wherein the protective element includes a plurality of pad components formed from a polymer foam material. </claim-text>
</claim>
</claims>
</us-patent-grant>
